#{"env_id": "BreakoutNoFrameskip-v4", "t_start": 1513093358.796338, "gym_version": "0.9.4"}
r,l,t
1.0,170,7.865132
0.0,129,13.61729
1.0,173,21.285929
