#{"env_id": "BreakoutNoFrameskip-v4", "t_start": 1513093358.7793555, "gym_version": "0.9.4"}
r,l,t
0.0,123,5.457423
1.0,175,13.471638
1.0,173,21.274686
