#{"env_id": "BreakoutNoFrameskip-v4", "t_start": 1513093358.6327536, "gym_version": "0.9.4"}
r,l,t
0.0,125,5.801363
2.0,185,14.3173
0.0,129,19.895806
