#{"gym_version": "0.9.4", "env_id": "PongNoFrameskip-v4", "t_start": 1513220943.1569574}
r,l,t
-21.0,823,45.484701
11.0,2400,172.870104
