#{"gym_version": "0.9.4", "env_id": "PongNoFrameskip-v4", "t_start": 1513220942.8383384}
r,l,t
-21.0,837,46.450535
11.0,2110,157.947472
