#{"gym_version": "0.9.4", "env_id": "PongNoFrameskip-v4", "t_start": 1513220943.1825733}
r,l,t
-20.0,1013,55.422138
11.0,2701,198.228115
