#{"gym_version": "0.9.4", "env_id": "PongNoFrameskip-v4", "t_start": 1513220943.1564484}
r,l,t
-21.0,825,45.545757
12.0,2007,151.274996
