#{"t_start": 1513455009.121205, "gym_version": "0.9.4", "env_id": "PongNoFrameskip-v4"}
r,l,t
-19.0,909,46.584602
-21.0,821,88.674544
-21.0,940,137.742985
