#{"t_start": 1513455009.019575, "gym_version": "0.9.4", "env_id": "PongNoFrameskip-v4"}
r,l,t
-21.0,886,45.421351
-21.0,884,90.898622
-20.0,931,139.410789
