#{"t_start": 1513455008.947032, "gym_version": "0.9.4", "env_id": "PongNoFrameskip-v4"}
r,l,t
-21.0,901,46.276612
-21.0,905,92.774143
-21.0,820,135.635521
