#{"t_start": 1513455009.0622568, "gym_version": "0.9.4", "env_id": "PongNoFrameskip-v4"}
r,l,t
-19.0,909,46.642344
-21.0,788,86.978911
-21.0,911,134.667677
